{
  "Id": "7d0445fa-9eab-4662-f8a0-08d88a374a35",
  "BotId": "b42a3c07-2d5e-41fe-ac36-08d88a37070a",
  "Name": "Tiara Solution",
  "Category": "Demo",
  "Description": "Tiara Solution",
  "ProviderName": "Preethi Harris",
  "ProviderIcon": null,
  "Version": "1.0",
  "Metadata": [
    {
      "Entity": {
        "Name": "VEnroll",
        "AssemblyName": null,
        "ClassName": null,
        "TenantId": 505,
        "Tenant": null,
        "SourceId": "cb1a24bb-bda6-48d4-8d5b-09694d139145",
        "SourceHash": null,
        "Category": "Demo",
        "Utterances": null,
        "EntityFields": [
          {
            "Name": "VEnroll",
            "IsPK": false,
            "IsNullable": false,
            "Length": 0,
            "EntityMetadataId": "e78b064b-8b8d-4ae0-28df-08d88a39112c",
            "EntityMetadata": null,
            "ReferencedEntityId": "e78b064b-8b8d-4ae0-28df-08d88a39112c",
            "ReferencedEntity": null,
            "ReferenceToId": null,
            "ReferenceTo": null,
            "ReferenceFromId": null,
            "ReferenceFrom": null,
            "SourceId": "eaaa6069-77eb-4537-87e2-59af85682a81",
            "SourceHash": null,
            "DataTypeId": "00000000-0000-0000-0001-000000000000",
            "DataType": null,
            "BusinessDataTypeId": "00000000-0000-0001-0001-000000000000",
            "BusinessDataType": null,
            "TenantId": 505,
            "Tenant": null,
            "IsCollection": false,
            "ReferencedEntityName": null,
            "ConnectorActions": null,
            "Id": "c0c3f874-e21f-4f1e-4cd5-08d88a392c64"
          },
          {
            "Name": "Aadhar",
            "IsPK": false,
            "IsNullable": false,
            "Length": 0,
            "EntityMetadataId": "e78b064b-8b8d-4ae0-28df-08d88a39112c",
            "EntityMetadata": null,
            "ReferencedEntityId": null,
            "ReferencedEntity": null,
            "ReferenceToId": null,
            "ReferenceTo": null,
            "ReferenceFromId": null,
            "ReferenceFrom": null,
            "SourceId": "50e689be-b49c-4ae5-88d5-d6f4ad61c1ec",
            "SourceHash": null,
            "DataTypeId": "00000000-0000-0000-0009-000000000000",
            "DataType": null,
            "BusinessDataTypeId": "00000000-0000-0009-0009-000000000000",
            "BusinessDataType": null,
            "TenantId": 505,
            "Tenant": null,
            "IsCollection": false,
            "ReferencedEntityName": null,
            "ConnectorActions": null,
            "Id": "8c10db8c-c81d-4f92-4cd6-08d88a392c64"
          },
          {
            "Name": "Profession",
            "IsPK": false,
            "IsNullable": false,
            "Length": 0,
            "EntityMetadataId": "e78b064b-8b8d-4ae0-28df-08d88a39112c",
            "EntityMetadata": null,
            "ReferencedEntityId": null,
            "ReferencedEntity": null,
            "ReferenceToId": null,
            "ReferenceTo": null,
            "ReferenceFromId": null,
            "ReferenceFrom": null,
            "SourceId": "75aa620c-ec76-4866-b319-23462f3b5471",
            "SourceHash": null,
            "DataTypeId": "00000000-0000-0000-0009-000000000000",
            "DataType": null,
            "BusinessDataTypeId": "00000000-0000-0009-0009-000000000000",
            "BusinessDataType": null,
            "TenantId": 505,
            "Tenant": null,
            "IsCollection": false,
            "ReferencedEntityName": null,
            "ConnectorActions": null,
            "Id": "8f3aeb72-a445-4b5a-4cd7-08d88a392c64"
          },
          {
            "Name": "Health",
            "IsPK": false,
            "IsNullable": false,
            "Length": 0,
            "EntityMetadataId": "e78b064b-8b8d-4ae0-28df-08d88a39112c",
            "EntityMetadata": null,
            "ReferencedEntityId": null,
            "ReferencedEntity": null,
            "ReferenceToId": null,
            "ReferenceTo": null,
            "ReferenceFromId": null,
            "ReferenceFrom": null,
            "SourceId": "33f8a90b-b98b-4cd0-b2b7-ff1029ec6192",
            "SourceHash": null,
            "DataTypeId": "00000000-0000-0000-0009-000000000000",
            "DataType": null,
            "BusinessDataTypeId": "00000000-0000-0009-0009-000000000000",
            "BusinessDataType": null,
            "TenantId": 505,
            "Tenant": null,
            "IsCollection": false,
            "ReferencedEntityName": null,
            "ConnectorActions": null,
            "Id": "d032b1a0-8a62-44e6-4cd8-08d88a392c64"
          },
          {
            "Name": "Mail",
            "IsPK": false,
            "IsNullable": false,
            "Length": 0,
            "EntityMetadataId": "e78b064b-8b8d-4ae0-28df-08d88a39112c",
            "EntityMetadata": null,
            "ReferencedEntityId": null,
            "ReferencedEntity": null,
            "ReferenceToId": null,
            "ReferenceTo": null,
            "ReferenceFromId": null,
            "ReferenceFrom": null,
            "SourceId": "8fedd775-6371-4791-984b-4fd8c09fa428",
            "SourceHash": null,
            "DataTypeId": "00000000-0000-0000-0009-000000000000",
            "DataType": null,
            "BusinessDataTypeId": "00000000-0001-0009-0009-000000000000",
            "BusinessDataType": null,
            "TenantId": 505,
            "Tenant": null,
            "IsCollection": false,
            "ReferencedEntityName": null,
            "ConnectorActions": null,
            "Id": "70f19600-a75c-4a7b-4cd9-08d88a392c64"
          }
        ],
        "ReferencedFields": [],
        "Connectors": null,
        "ConnectorActions": null,
        "ConnectorActionRequest": null,
        "ConnectorActionResponse": null,
        "BotXEntity": [
          {
            "BotId": "b42a3c07-2d5e-41fe-ac36-08d88a37070a",
            "Bot": null,
            "EntityMetadataId": "e78b064b-8b8d-4ae0-28df-08d88a39112c",
            "EntityMetadata": null,
            "IsNLP": false,
            "TrainingSource": null,
            "MatchingFields": null,
            "TrainingSchedule": null,
            "IsScheduled": false,
            "TrainStatus": null,
            "TrainStatusFlag": 0,
            "LastTrainedOn": null,
            "_TrainStatus": null,
            "_MatchingFields": null,
            "_TrainingSource": null,
            "Config": null,
            "_Config": null,
            "Id": "0f8470c6-7b9e-4931-cdc9-08d88a39112c"
          }
        ],
        "Id": "e78b064b-8b8d-4ae0-28df-08d88a39112c"
      },
      "Type": "EntityMetadata"
    },
    {
      "Entity": {
        "Name": "UipathRequest",
        "AssemblyName": null,
        "ClassName": null,
        "TenantId": 505,
        "Tenant": null,
        "SourceId": "9de201d5-2cac-4722-9537-c404cae37561",
        "SourceHash": null,
        "Category": "UiPath",
        "Utterances": null,
        "EntityFields": [
          {
            "Name": "VEnroll",
            "IsPK": false,
            "IsNullable": false,
            "Length": 0,
            "EntityMetadataId": "ab871f87-132d-4c43-28e0-08d88a39112c",
            "EntityMetadata": null,
            "ReferencedEntityId": "e78b064b-8b8d-4ae0-28df-08d88a39112c",
            "ReferencedEntity": null,
            "ReferenceToId": null,
            "ReferenceTo": null,
            "ReferenceFromId": null,
            "ReferenceFrom": null,
            "SourceId": "6f823d44-bd52-44de-a900-9d052f13ebf9",
            "SourceHash": null,
            "DataTypeId": "00000000-0000-0000-0001-000000000000",
            "DataType": null,
            "BusinessDataTypeId": "00000000-0000-0001-0001-000000000000",
            "BusinessDataType": null,
            "TenantId": 505,
            "Tenant": null,
            "IsCollection": false,
            "ReferencedEntityName": null,
            "ConnectorActions": null,
            "Id": "4e56d1bb-9fcb-4a26-4cda-08d88a392c64"
          },
          {
            "Name": "ResponseUserID",
            "IsPK": false,
            "IsNullable": false,
            "Length": 0,
            "EntityMetadataId": "ab871f87-132d-4c43-28e0-08d88a39112c",
            "EntityMetadata": null,
            "ReferencedEntityId": null,
            "ReferencedEntity": null,
            "ReferenceToId": null,
            "ReferenceTo": null,
            "ReferenceFromId": null,
            "ReferenceFrom": null,
            "SourceId": "2c050da4-9421-4589-bf98-83b7e90a7284",
            "SourceHash": null,
            "DataTypeId": "00000000-0000-0000-0009-000000000000",
            "DataType": null,
            "BusinessDataTypeId": "00000000-0000-0009-0009-000000000000",
            "BusinessDataType": null,
            "TenantId": 505,
            "Tenant": null,
            "IsCollection": false,
            "ReferencedEntityName": null,
            "ConnectorActions": null,
            "Id": "4f69fce1-ed32-4d16-4cdb-08d88a392c64"
          },
          {
            "Name": "ResponseFlowID",
            "IsPK": false,
            "IsNullable": false,
            "Length": 0,
            "EntityMetadataId": "ab871f87-132d-4c43-28e0-08d88a39112c",
            "EntityMetadata": null,
            "ReferencedEntityId": null,
            "ReferencedEntity": null,
            "ReferenceToId": null,
            "ReferenceTo": null,
            "ReferenceFromId": null,
            "ReferenceFrom": null,
            "SourceId": "e954c2e9-5979-485e-b397-22c0a6799e40",
            "SourceHash": null,
            "DataTypeId": "00000000-0000-0000-0009-000000000000",
            "DataType": null,
            "BusinessDataTypeId": "00000000-0000-0009-0009-000000000000",
            "BusinessDataType": null,
            "TenantId": 505,
            "Tenant": null,
            "IsCollection": false,
            "ReferencedEntityName": null,
            "ConnectorActions": null,
            "Id": "c509f2ae-e2e8-40d1-4cdc-08d88a392c64"
          },
          {
            "Name": "ResponseTenantID",
            "IsPK": false,
            "IsNullable": false,
            "Length": 0,
            "EntityMetadataId": "ab871f87-132d-4c43-28e0-08d88a39112c",
            "EntityMetadata": null,
            "ReferencedEntityId": null,
            "ReferencedEntity": null,
            "ReferenceToId": null,
            "ReferenceTo": null,
            "ReferenceFromId": null,
            "ReferenceFrom": null,
            "SourceId": "55b74515-8cff-4de4-be0e-b76f4c48a96d",
            "SourceHash": null,
            "DataTypeId": "00000000-0000-0000-0003-000000000000",
            "DataType": null,
            "BusinessDataTypeId": "00000000-0000-0003-0003-000000000000",
            "BusinessDataType": null,
            "TenantId": 505,
            "Tenant": null,
            "IsCollection": false,
            "ReferencedEntityName": null,
            "ConnectorActions": null,
            "Id": "582b117d-a41e-4e2a-4cdd-08d88a392c64"
          }
        ],
        "ReferencedFields": [],
        "Connectors": null,
        "ConnectorActions": null,
        "ConnectorActionRequest": null,
        "ConnectorActionResponse": null,
        "BotXEntity": [
          {
            "BotId": "b42a3c07-2d5e-41fe-ac36-08d88a37070a",
            "Bot": null,
            "EntityMetadataId": "ab871f87-132d-4c43-28e0-08d88a39112c",
            "EntityMetadata": null,
            "IsNLP": false,
            "TrainingSource": null,
            "MatchingFields": null,
            "TrainingSchedule": null,
            "IsScheduled": false,
            "TrainStatus": null,
            "TrainStatusFlag": 0,
            "LastTrainedOn": null,
            "_TrainStatus": null,
            "_MatchingFields": null,
            "_TrainingSource": null,
            "Config": null,
            "_Config": null,
            "Id": "c3376cce-9a77-4a8a-cdcc-08d88a39112c"
          }
        ],
        "Id": "ab871f87-132d-4c43-28e0-08d88a39112c"
      },
      "Type": "EntityMetadata"
    },
    {
      "Entity": {
        "TenantId": 505,
        "Tenant": null,
        "Name": "GetEnroll",
        "Description": "GetEnroll",
        "_Tasks": "[{\"$type$\":\"AddItemToUiPathQueueConnectorTask\",\"Description\":\"Enroll Data\",\"ConnectionCode\":\"UiPathConnector\",\"Id\":\"ba14e195-ae01-4f01-9347-a603b3d34060\",\"ToConnectorEntityMapping\":{\"NestRequestInList\":false,\"RequestType\":\"UseFieldMapping\",\"Id\":\"aa34a4a1-cd4c-43cc-9ef3-e5396fe42693\",\"DruidEntityName\":\"UipathRequest\",\"DruidEntityIsCollection\":false,\"FieldMappings\":[{\"ConnectorFieldName\":\"Aadhar\",\"DruidEntityFieldName\":\"[[UipathRequest]].VEnroll.Aadhar\"},{\"ConnectorFieldName\":\"Profession\",\"DruidEntityFieldName\":\"[[UipathRequest]].VEnroll.Profession\"},{\"ConnectorFieldName\":\"Health\",\"DruidEntityFieldName\":\"[[UipathRequest]].VEnroll.Health\"},{\"ConnectorFieldName\":\"Mail\",\"DruidEntityFieldName\":\"[[UipathRequest]].VEnroll.Mail\"},{\"ConnectorFieldName\":\"ResponseUserID\",\"DruidEntityFieldName\":\"[[UipathRequest]].ResponseUserID\"},{\"ConnectorFieldName\":\"ResponseTenantID\",\"DruidEntityFieldName\":\"[[UipathRequest]].ResponseTenantID\"},{\"ConnectorFieldName\":\"ResponseFlowID\",\"DruidEntityFieldName\":\"[[UipathRequest]].ResponseFlowID\"}]},\"FromConnectorEntityMapping\":{\"Id\":\"50556ec7-89a0-4011-b946-5847a0f4faa4\",\"DruidEntityName\":\"UipathRequest\",\"DruidEntityIsCollection\":false,\"FieldMappings\":[{\"ConnectorFieldName\":\"ResponseCode\",\"DruidEntityFieldName\":\"[[UipathRequest]].VEnroll.ResponseCode\"},{\"ConnectorFieldName\":\"ResponseMessage\",\"DruidEntityFieldName\":\"[[UipathRequest]].VEnroll.ResponseMessage\"},{\"ConnectorFieldName\":\"ResponseFlowID\",\"DruidEntityFieldName\":\"[[UipathRequestList]].ResponseFlowID\"}]}}]",
        "IsActive": true,
        "RequestEntityId": "ab871f87-132d-4c43-28e0-08d88a39112c",
        "RequestEntity": null,
        "ResponseEntityId": "ab871f87-132d-4c43-28e0-08d88a39112c",
        "ResponseEntity": null,
        "ResponseIsCollection": false,
        "PublishState": 1,
        "PublishDate": "2020-11-20T05:49:00.6348209",
        "_PublishErrors": null,
        "Category": "UiPath",
        "IsSecurityAction": false,
        "Type": 0,
        "SourceId": "94506abc-5716-4464-9123-b1d9fd3eb96c",
        "BotId": "b42a3c07-2d5e-41fe-ac36-08d88a37070a",
        "Bot": null,
        "PublishErrors": null,
        "EntityMetadatas": null,
        "EntityFieldMetadatas": null,
        "Id": "23fb29f4-36ed-49b1-9b60-af5ece227931"
      },
      "Type": "ConnectorAction"
    },
    {
      "Entity": {
        "Code": "UiPathConnector",
        "_ConnectionConfig": "{\"$type$\":\"UiPathConnectionConfig:V4\",\"IsUtc\":false}",
        "QueueWorkersPollSize": null,
        "ConnectorId": "2ecf2c2d-911b-4ec1-8bfd-83dac8c83af7",
        "Connector": null,
        "TenantId": 505,
        "Tenant": null,
        "BotId": "b42a3c07-2d5e-41fe-ac36-08d88a37070a",
        "Bot": null,
        "SourceId": "61cf1b98-aee9-4984-9ef9-15d4ca9bbf12",
        "ConnectionConfig": {
          "SecurityConfig": null,
          "$type$": "UiPathConnectionConfig:V4",
          "IsUtc": false
        },
        "Id": "206afafb-55d7-4f23-9ca9-c9402c4a822e"
      },
      "Type": "TenantConnector"
    },
    {
      "Entity": {
        "TenantId": 505,
        "Tenant": null,
        "Schedule": null,
        "SourceId": "833f6156-291f-416d-ba67-bff87d990070",
        "Name": "Enrollment",
        "IsAlert": false,
        "IsPullInfo": false,
        "IsReport": false,
        "IsTask": false,
        "IsForm": false,
        "IsDruidTemplate": false,
        "IsAutoStart": false,
        "IsAuthenticationFlow": false,
        "IsAuthenticationRequired": false,
        "IsScheduled": false,
        "Description": "Enrollment",
        "Utterances": "Enrollment",
        "TrainingPhrases": null,
        "Category": "UiPath",
        "FlowSteps": [
          {
            "FlowId": "b4b60fe7-9eaf-4c30-5d2d-08d88d02e3a1",
            "Name": "newStep",
            "Type": "M",
            "IsFirstStep": false,
            "IsLastStep": false,
            "IsDruidTemplate": false,
            "Message": "newMessage",
            "MessageSpeak": null,
            "Metadata": "{\"choice\":{\"attachmentLayout\":\"carousel\",\"pageSize\":10,\"moreItemsValue\":\"More Items\",\"noMoreItemsValue\":\"No More Items\",\"options\":{\"actions\":[{\"text\":\"caption\",\"value\":\"value\"}]}},\"hero\":{\"attachmentLayout\":\"carousel\",\"pageSize\":10,\"moreItemsValue\":\"More Items\",\"noMoreItemsValue\":\"No More Items\",\"cards\":[{\"images\":[{\"url\":\"/assets/common/images/286x180.jpg\"}],\"title\":\"Title\",\"subtitle\":\"Subtitle\",\"text\":\"Description\",\"buttons\":[{\"title\":\"\",\"type\":\"imBack\",\"value\":\"\"}]}]},\"thumbnail\":{\"attachmentLayout\":\"carousel\",\"pageSize\":10,\"moreItemsValue\":\"More Items\",\"noMoreItemsValue\":\"No More Items\",\"cards\":[{\"images\":[{\"url\":\"/assets/common/images/286x180.jpg\"}],\"title\":\"Title\",\"subtitle\":\"Subtitle\",\"text\":\"Description\",\"buttons\":[{\"title\":\"\",\"type\":\"imBack\",\"value\":\"\"}]}]}}",
            "InputMapping": null,
            "ContextualMapping": null,
            "Flow": null,
            "SubFlowId": null,
            "SubFlow": null,
            "NextSteps": [],
            "Steps1": [],
            "Translations": [],
            "TenantId": 505,
            "Tenant": null,
            "IsRepeater": false,
            "RepeaterCollection": null,
            "Attachments": null,
            "IsSkippable": false,
            "IsBlockingInput": false,
            "IsContextualMapping": false,
            "Id": "67fd134e-9651-4b1e-546b-08d88cfec495"
          }
        ],
        "SubFlowSteps": [],
        "FlowXBot": [
          {
            "BotId": "b42a3c07-2d5e-41fe-ac36-08d88a37070a",
            "Bot": null,
            "FlowId": "b4b60fe7-9eaf-4c30-5d2d-08d88d02e3a1",
            "Flow": null,
            "Id": "e6193c10-320c-4c9a-8089-08d88d02e3a3"
          }
        ],
        "RoleXFlow": [
          {
            "FlowId": "b4b60fe7-9eaf-4c30-5d2d-08d88d02e3a1",
            "Flow": null,
            "RoleId": 1275,
            "Role": null,
            "Id": "6c9d4dca-01ff-4472-c938-08d88cd336ab"
          },
          {
            "FlowId": "b4b60fe7-9eaf-4c30-5d2d-08d88d02e3a1",
            "Flow": null,
            "RoleId": 1276,
            "Role": null,
            "Id": "2be063a8-93a7-47bf-c939-08d88cd336ab"
          }
        ],
        "Translations": null,
        "AlertSubscriptions": null,
        "AlertExecutions": null,
        "Id": "b4b60fe7-9eaf-4c30-5d2d-08d88d02e3a1"
      },
      "Type": "Flow"
    }
  ],
  "ExternalReferences": [
    {
      "Id": "1275",
      "ParentId": "b4b60fe7-9eaf-4c30-5d2d-08d88d02e3a1",
      "Name": "Admin",
      "SourceId": null,
      "ParentName": "Enrollment",
      "Type": "Role",
      "ParentType": "Flow",
      "ParentSourceId": "833f6156-291f-416d-ba67-bff87d990070",
      "ExistsInTenant": true
    },
    {
      "Id": "1276",
      "ParentId": "b4b60fe7-9eaf-4c30-5d2d-08d88d02e3a1",
      "Name": "User",
      "SourceId": null,
      "ParentName": "Enrollment",
      "Type": "Role",
      "ParentType": "Flow",
      "ParentSourceId": "833f6156-291f-416d-ba67-bff87d990070",
      "ExistsInTenant": true
    }
  ],
  "DocumentTemplates": [],
  "OriginalBotLanguages": [
    {
      "Name": "en-US",
      "IsDefault": true,
      "Icon": "famfamfam-flags us",
      "Id": 220
    }
  ]
}